name,ingredients,diet,prep_time,cook_time,flavor_profile,course,state,region,recipe
balu shahi,"maida flour, yogurt, oil, sugar",vegetarian,45,25,sweet,dessert,West Bengal,East,iVsUKXQjtj8
boondi,"gram flour, ghee, sugar",vegetarian,80,30,sweet,dessert,Rajasthan,West,9ItL13xt8Cc
gajar ka halwa,"carrots, milk, sugar, ghee, cashews, raisins",vegetarian,15,60,sweet,dessert,Punjab,North,D98FbtyBsgw
ghevar,"flour, ghee, kewra, milk, clarified butter, sugar, almonds, pistachio, saffron, green cardamom",vegetarian,15,30,sweet,dessert,Rajasthan,West,8bw1uVGAatw
gulab jamun,"milk powder, plain flour, baking powder, ghee, milk, sugar, water, rose water",vegetarian,15,40,sweet,dessert,West Bengal,East,P6bfQGCbJ5k
imarti,"sugar syrup, lentil flour",vegetarian,10,50,sweet,dessert,West Bengal,East,dnbNiPpkXDI
jalebi,"maida, corn flour, baking soda, vinegar, curd, water, turmeric, saffron, cardamom",vegetarian,10,50,sweet,dessert,Uttar Pradesh,North,pdFm9Rnz4H8
kaju katli,"cashews, ghee, cardamom, sugar",vegetarian,10,20,sweet,dessert,All State,All Region,7uCqAtSVJU4
kalakand,"milk, cottage cheese, sugar",vegetarian,20,30,sweet,dessert,West Bengal,East,npl7MweXBkg
kheer,"milk, rice, sugar, dried fruits",vegetarian,10,40,sweet,dessert,All State,All Region,x4QofoAjMyE
laddu,"gram flour, ghee, sugar",vegetarian,10,40,sweet,dessert,All State,All Region,lb6A_W8bxyw
lassi,"yogurt, milk, nuts, sugar",vegetarian,5,5,sweet,dessert,Punjab,North,eXYNaYukbBE
nankhatai,"refined flour, besan, ghee, powdered sugar, yoghurt, green cardamom",vegetarian,20,30,sweet,dessert,All State,All Region,gv-zqXZSl0w
petha,"firm white pumpkin, sugar, kitchen lime, alum powder",vegetarian,10,30,sweet,dessert,Uttar Pradesh,North,qFSi-OkU-94
phirni,"rice, sugar, nuts",vegetarian,30,20,sweet,dessert,Odisha,East,zJx6D6sjYRg
rabri,"condensed milk, sugar, spices, nuts",vegetarian,10,45,sweet,dessert,Uttar Pradesh,North,YkD74gaIQmc
sheera,"semolina, ghee, nuts, milk",vegetarian,10,25,sweet,dessert,Maharashtra,West,7QK48Z_Qs7Y
singori,"khoa, coconut, molu leaf",vegetarian,10,20,sweet,dessert,Uttarakhand,North,K8iWrzm9dMw
sohan halwa,"corn flour, ghee, dry fruits",vegetarian,10,60,sweet,dessert,Uttar Pradesh,North,gKbjsxwCKVQ
sohan papdi,"gram flour, ghee, sugar, milk, cardamom",vegetarian,-1,60,sweet,dessert,Maharashtra,West,AOmVczqYIrg
chhena jalebi,"chhena, sugar, ghee",vegetarian,10,50,sweet,dessert,Odisha,East,Mz6UGROBSJ4
chhena kheeri,"chhena, sugar, milk",vegetarian,-1,60,sweet,dessert,Odisha,East,jWPjm6gW_WU
chhena poda,"sugar, chenna cheese",vegetarian,10,45,sweet,dessert,Odisha,East,-qrbpsNfUmI
cham cham,"flour, cream, sugar, saffron, lemon juice, coconut flakes",vegetarian,40,60,sweet,dessert,West Bengal,East,EFyRq2IwhtU
kheer sagar,"chenna, condensed milk, sugar, saffron, cardamom",vegetarian,25,60,sweet,dessert,Odisha,East,9aP9y2LHEIA
ledikeni,"chhena, sugar, ghee",vegetarian,45,45,sweet,dessert,West Bengal,East,G3_eMdygeW0
lyangcha,"flour, fried milk power, sugar syrup",vegetarian,20,30,sweet,dessert,Assam,North East,lpvrSUzDNuw
malapua,"yoghurt, refined flour, ghee, fennel seeds",vegetarian,10,120,sweet,dessert,Bihar,North,aGS4LcMRZRU
mihidana,"besan flour, sugar, ghee",vegetarian,15,30,sweet,dessert,West Bengal,East,lb6A_W8bxyw
misti doi,"milk, jaggery",vegetarian,480,30,sweet,dessert,West Bengal,East,cQdddoWLxDE
pantua,"chhena, sugar, ghee, flour",vegetarian,45,45,sweet,dessert,West Bengal,East,P6bfQGCbJ5k
pithe,"rice flour, wheat flour",vegetarian,15,35,sweet,dessert,Assam,North East,Crz6GBjWjno
rasabali,"chenna, sweetened milk",vegetarian,15,30,sweet,dessert,Odisha,East,f_tZ5HqFFY0
ras malai,"chhena, reduced milk, pistachio",vegetarian,180,60,sweet,dessert,West Bengal,East,5cLdNM6xH7s
rasgulla,"chhena, sugar, cardamom",vegetarian,10,90,sweet,dessert,West Bengal,East,mxxbqg8g_lE
sandesh,"milk, sugar, saffron, cardamom",vegetarian,30,20,sweet,dessert,West Bengal,East,SqIxo1mH9g0
adhirasam,"rice flour, jaggery, ghee, vegetable oil, elachi",vegetarian,10,50,sweet,dessert,West Bengal,East,bMj0xPN8EwY
ariselu,"rice flour, jaggery, ghee",vegetarian,15,75,sweet,dessert,Andhra Pradesh,South,Z_CrhktyRsA
bandar laddu,"besan, jaggery, cardamom powder, ghee, cashews and raisins, jaggery syrup, sugar",vegetarian,5,35,sweet,dessert,Andhra Pradesh,South,lb6A_W8bxyw
chikki,"peanuts, jaggery",vegetarian,10,20,sweet,dessert,Maharashtra,West,IEL0Gx0ozjM
dharwad pedha,"milk, sugar, dharwadi buffalo milk",vegetarian,20,60,sweet,dessert,Karnataka,South,c0xQ3uqRmr0
double ka meetha,"loaf bread, milk",vegetarian,20,30,sweet,dessert,Telangana,South,iKG5DcQW1bI
gavvalu,"rice flour, sugar, salt, ghee, semolina",vegetarian,10,30,sweet,dessert,Andhra Pradesh,South,q9-8J4vitFA
kakinada khaja,"wheat flour, sugar",vegetarian,10,30,sweet,dessert,Andhra Pradesh,South,Xv6KhcU4E74
kuzhi paniyaram,"black lentils, rice",vegetarian,10,20,sweet,dessert,Kerala,South,zJ4KcIM2Ey8
mysore pak,"besan flour, semolina, mung bean, jaggery, coconut, skimmed milk powder, sugar, ghee",vegetarian,5,20,sweet,dessert,Karnataka,South,2E4GG6p48L0
obbattu holige,"maida flour, turmeric, coconut, chickpeas, jaggery, ghee, cardamom",vegetarian,180,60,sweet,main course,Karnataka,South,BcpAB6M4mXQ
palathalikalu,"rice flour, milk",vegetarian,10,25,sweet,dessert,Andhra Pradesh,South,CyZxYEX-tLM
poornalu,"chana dal, jaggery",vegetarian,240,60,sweet,dessert,Andhra Pradesh,South,fuc-bjPHD0U
pongal,"rice, jaggery, cashews, ghee",vegetarian,5,20,sweet,dessert,Tamil Nadu,South,rjdpb2UsFJM
pootharekulu,"rice flour, powdered sugar, ghee",vegetarian,10,60,sweet,dessert,Andhra Pradesh,South,FBu7aHLqwMs
qubani ka meetha,"apricots, sugar syrup",vegetarian,10,20,sweet,dessert,Telangana,South,U_uBXMcd1mo
sheer korma,"vermicelli pudding, milk",vegetarian,10,20,sweet,dessert,Telangana,South,DfGNYXNBfsY
unni appam,"rice flour, banana, jaggery, coconut",vegetarian,10,20,sweet,dessert,Tamil Nadu,South,d_dZ7w3kMIQ
kajjikaya,"rice flour, jaggery, coconut",vegetarian,40,15,sweet,dessert,Andhra Pradesh,South,7GZ9FCK15uY
anarsa,"rice flour, jaggery, khus-khus seeds",vegetarian,10,50,sweet,dessert,Maharashtra,West,gmF1SLOiRPw
basundi,"sugar, milk, nuts",vegetarian,10,35,sweet,dessert,Gujarat,West,W29qXSYfgc4
dhondas,"cucumber, rava",vegetarian,10,50,sweet,dessert,Maharashtra,West,WwHzlZfxCao
doodhpak,"milk, rice, sugar, dry fruits",vegetarian,10,60,sweet,dessert,Gujarat,West,hrkivLVt5ew
mahim halwa,"semolina, sugar",vegetarian,10,25,sweet,dessert,Maharashtra,West,UhFKsAnfkT4
modak,"rice flour, coconut, jaggery ",vegetarian,10,15,sweet,dessert,Maharashtra,West,KcXhD7vAYmo
shankarpali,"sugar, ghee, maida flour, semolina",vegetarian,10,35,sweet,dessert,Maharashtra,West,IIIUxzKJgyI
shrikhand,"curd, sugar, saffron, cardamom",vegetarian,10,720,sweet,dessert,Maharashtra,West,82IVhUryEsU
sutar feni,"maida, sugar, ghee",vegetarian,15,55,sweet,dessert,Maharashtra,West,cykueiOXSIs
maach jhol,"fish, potol, tomato, chillies, ginger, garlic",non-vegetarian,10,40,spicy,main course,Assam,North East,8oo_oUDdiMY
pork bharta,"boiled pork, onions, chillies, ginger and garlic",non-vegetarian,-1,-1,spicy,main course,Tripura,North East,qfD_skTVKho
chak hao kheer,"rice, milk, sugar, cardamom",vegetarian,240,45,sweet,dessert,Manipur,North East,NBsQ-iPR_ZU
galho,"rice, axone, salt, water, chillies, pork",non-vegetarian,5,15,spicy,main course,Nagaland,North East,z_v1_yL-Bhs
aloo gobi,"cauliflower, potato, garam masala, turmeric, curry leaves",vegetarian,10,20,spicy,main course,Punjab,North,JihdOvkxQC8
aloo tikki,"rice flour, potato, bread crumbs, garam masala, salt",vegetarian,5,20,spicy,main course,Punjab,North,RNZ1ouYfjZk
aloo matar,"potato, peas, chillies, ginger, garam masala, garlic",vegetarian,5,40,spicy,main course,Punjab,North,gdhlkJWkOmo
aloo methi,"potato, fenugreek leaves, chillies, salt, oil",vegetarian,10,40,bitter,main course,Punjab,North,BSv8gCmDgEQ
aloo shimla mirch,"potato, shimla mirch, garam masala, amchur powder, salt",vegetarian,10,40,spicy,main course,Punjab,North,irtW1oEIFzQ
bhatura,"chole, rava, yogurt, plain flour, baking soda",vegetarian,20,20,spicy,main course,Punjab,North,QbyXsYOTJD4
bhindi masala,"ladies finger, garam masala, kasuri methi, tomatoes, chili powder",vegetarian,20,30,spicy,main course,Punjab,North,UcEwOxVOOKU
biryani,"chicken thighs, basmati rice, star anise, sweet, green chillies",non-vegetarian,30,120,spicy,main course,Telangana,South,95BCU1n268w
butter chicken,"chicken, greek yogurt, cream, garam masala powder, cashew nuts, butter",non-vegetarian,10,35,spicy,main course,NCT of Delhi,North,a03U45jFxOI
chana masala,"chickpeas, tomato paste, garam masala, ginger, red onion, avocado oil",vegetarian,20,30,spicy,main course,Punjab,North,EL9X-P98m2Q
chapati,"whole wheat flour, olive oil, hot water, all purpose flour",vegetarian,10,10,other,main course,Maharashtra,West,5NjaPL0Fe00
chicken razala,"chicken, dahi, sesame seeds, garam masala powder, cashew nuts, saffron",non-vegetarian,10,35,spicy,main course,West Bengal,East,I-mAyJvbPS0
chicken tikka masala,"naan bread, tomato sauce, skinless chicken breasts, heavy cream, garam masala",non-vegetarian,10,50,spicy,main course,Punjab,North,qHkpcKmjdeE
chicken tikka,"chicken, whole wheat bread, rice flour, garam masala powder, whole egg",non-vegetarian,120,45,spicy,starter,Punjab,North,y-VjBxMufhw
chole bhature,"chole, bhatura, garam masala, bay leaf, cinnamon stick",vegetarian,20,30,spicy,main course,Punjab,North,VgmxulUH4tw
daal baati churma,"moong dal, masoor dal, chana dal, wheat flour, almond",vegetarian,10,90,spicy,main course,Rajasthan,West,mZ4xTelTAGk
daal puri,"moong dal, garam masala powder, garlic, green chilli, all purpose flour",vegetarian,30,30,spicy,main course,West Bengal,East,71t-lMnB9aw
dal makhani,"red kidney beans, urad dal, cream, garam masala, chili powder",vegetarian,10,60,sweet,main course,Punjab,North,ca51e7nMI2g
dal tadka,"pigeon peas, garam masala, ginger, red onion, kasuri methi",vegetarian,10,30,spicy,main course,Punjab,North,XzKkkMdo7Jk
dum aloo,"baby potatoes, garam masala, cashew nuts, kasuri methi, tomatoes",vegetarian,20,50,spicy,main course,Jammu & Kashmir,North,Ut9orfzu4n4
poha,"beaten rice flakes, potato, curry leaves, green chilies, lemon juice",vegetarian,20,30,spicy,snack,Maharashtra,West,pNzxeWcbVtU
fara,"chana dal, whole wheat flour, arhar dal, white urad dal, garam masala powder",vegetarian,10,60,spicy,snack,Chhattisgarh,Central,JqyeHZaupy0
kachori,"moong dal, rava, garam masala, dough, fennel seeds",vegetarian,30,60,spicy,snack,Uttar Pradesh,North,-cTLbaRI4RU
kadai paneer,"cottage cheese, bell peppers, gravy, garam masala, cashew nuts",vegetarian,20,30,spicy,main course,Punjab,North,to27J3mtgoA
kadhi pakoda,"besan, garam masala powder, gram flour, ginger, curry leaves",vegetarian,10,60,spicy,main course,Haryana,North,EPxfnt7jqK4
karela bharta,"bitter gourd, fennel, garam masala powder, chili powder, amchur powder",vegetarian,20,50,bitter,main course,Punjab,North,kh83wNcXYTs
khichdi,"moong dal, green peas, ginger, tomato, green chili",vegetarian,40,20,spicy,main course,All State,All Region,P4i9jKiJZTk
kofta,"paneer, potato, cream, corn flour, garam masala",vegetarian,20,40,spicy,main course,Uttar Pradesh,North,c8Lh4vzSQG0
kulfi falooda,"rose syrup, falooda sev, mixed nuts, saffron, sugar",vegetarian,45,25,sweet,dessert,All State,All Region,cDpAnjkaEIQ
lauki ke kofte,"bottle gourd, garam masala powder, gram flour, ginger, chillies",vegetarian,20,40,spicy,main course,Uttar Pradesh,North,KW-Nz5qrYzg
lauki ki subji,"bottle gourd, coconut oil, garam masala, ginger, green chillies",vegetarian,10,20,spicy,main course,All State,All Region,2k0VKQSyrAM
litti chokha,"wheat flour, roasted gram flour, tomato, nigella seeds, chilli",vegetarian,45,60,spicy,main course,Bihar,North,Mb0GtoSIYgM
makki di roti sarson da saag,"palak, makki atta, mustard green, garam masala, ginger",vegetarian,25,30,spicy,main course,Punjab,North,UGWzPEhlCqc
misi roti,"whole wheat flour, chickpea flour, green chilies",vegetarian,30,30,spicy,main course,Punjab,North,voXko_V7vKE
mushroom do pyaza,"mushroom, malai, garam masala, ginger, capsicum",vegetarian,10,30,spicy,main course,Punjab,North,rTLMj6FEo20
mushroom matar,"canned coconut milk, frozen green peas, wild mushrooms, garam masala, tomatoes",vegetarian,10,30,spicy,main course,Punjab,North,Q01yTzAt2_Q
naan,"whole wheat flour, honey, butter, garlic",vegetarian,60,30,other,main course,Punjab,North,qnzBkCkv9gs
navrattan korma,"green beans, potatoes, khus khus, low fat, garam masala powder",vegetarian,25,40,spicy,main course,Uttar Pradesh,North,KiNvgG_hMKo
palak paneer,"cottage cheese, palak, cream, garam masala, butter",vegetarian,20,40,spicy,main course,Punjab,North,cRsAQeR5dbI
paneer butter masala,"paneer, whipping cream, garam masala, cashew nuts, butter",vegetarian,20,40,spicy,main course,Punjab,North,U1LVDFwi8qI
paneer tikka masala,"paneer, greek yogurt, tandoori masala, cream, bell pepper",vegetarian,20,40,spicy,main course,Punjab,North,ZaUNzwr_KF0
pani puri,"kala chana, mashed potato, boondi, sev, lemon",vegetarian,15,2,spicy,snack,All State,All Region,Lno88iU9J4w
panjeeri,"whole wheat flour, musk melon seeds, poppy seeds, edible gum, semolina",vegetarian,10,25,sweet,dessert,Uttar Pradesh,North,rAVqCv9c5M8
papad,"urad dal, sev, lemon juice, chopped tomatoes",vegetarian,5,5,spicy,snack,All State,All Region,3Q9KMiP9OYg
paratha,"wheat flour, butter, potato, coriander",vegetarian,15,45,spicy,main course,Punjab,North,_N2_NcoD7GU
pattor,"arbi ke patte, sesame seeds, gur, bengal gram flour, imli",vegetarian,10,30,spicy,main course,Rajasthan,West,cTv2sf6004E
pindi chana,"fennel, tea bags, tomato, kasuri methi, cinnamon",vegetarian,500,120,spicy,main course,Punjab,North,0b3UzQLztRk
rajma chaval,"red kidney beans, garam masala powder, ginger, tomato, mustard oil",vegetarian,15,90,spicy,main course,All State,North,nnvk38T-iq8
rongi,"garam masala powder, tomato, kasuri methi, cinnamon, mustard oil",vegetarian,10,30,other,main course,Punjab,North,T04lyA_dCkE
samosa,"potatoes, green peas, garam masala, ginger, dough",vegetarian,30,30,spicy,snack,All State,All Region,3OZn-iCGf5s
sattu ki roti,"sattu, atta, dough, filling, mustard oil",vegetarian,10,20,spicy,main course,Bihar,North,8kYWvqTL6e0
shahi paneer,"cottage cheese, malai, garam masala, ginger, tomato",vegetarian,20,40,spicy,main course,Punjab,North,EbpSHiRRK7I
shahi tukra,"rose water, milk, white bread slices, saffron, almonds",vegetarian,10,30,sweet,dessert,Telangana,South,pxpJmXq2w7c
vegetable jalfrezi,"baby corn, french beans, garam masala, ginger, carrot",vegetarian,10,30,spicy,main course,Punjab,North,0wAoYUYUO4Y
tandoori chicken,"greek yogurt, garam masala, kasuri methi, marinade, mustard oil",non-vegetarian,240,30,spicy,main course,Punjab,North,-CKvt1KNU74
tandoori fish tikka,"chickpea flour, biryani masala powder, yogurt, fish fillets, green bell pepper",non-vegetarian,240,30,spicy,starter,Punjab,North,i4IyQYpPbeU
attu,"whole wheat flour, arhar dal, ginger, kala jeera, green chilli",vegetarian,150,25,spicy,snack,Andhra Pradesh,South,5WPZBginev0
avial,"raw banana, elephant foot yam, long beans, tindora, urad dal",vegetarian,30,45,spicy,main course,Kerala,South,_C9SZg3adxI
bisi bele bath,"split pigeon peas, chana dal, urad dal, green peas, french beans",vegetarian,30,45,spicy,main course,Karnataka,South,VEArdyBWvdw
currivepillai sadam,"chana dal, urad dal, fresh coconut, sesame seeds, curry leaves",vegetarian,10,20,spicy,main course,Tamil Nadu,South,a4t1re2h3HQ
dosa,"chana dal, urad dal, whole urad dal, blend rice, rock salt",vegetarian,360,90,spicy,snack,All State,South,iT4YJV2tx1w
idiappam,"rice flour, hot water, grated coconut",vegetarian,120,30,spicy,snack,Tamil Nadu,South,r5uzurmhm0k
idli,"split urad dal, urad dal, idli rice, thick poha, rock salt",vegetarian,360,90,spicy,snack,All State,South,Ayo80PIb-Qg
kanji,"carrot, yellow mustard, red chilli, black salt",vegetarian,10,45,other,snack,Kerala,South,tjesM0ODXCI
kaara kozhambu,"sesame oil, drumstick, tamarind paste, sambar powder, tomato",vegetarian,-1,-1,spicy,main course,Tamil Nadu,South,SuC_etdHbjU
keerai kootu,"moong dal, chana dal, spinach, urad dal, coconut oil",vegetarian,20,30,spicy,main course,Tamil Nadu,South,XDeJ3Pp5QXI
keerai masiyal,"urad dal, curry leaves, sugar, mustard seeds, spinach",vegetarian,-1,-1,spicy,main course,Tamil Nadu,South,tVC2wT7nx7o
keerai sadam,"greens, tomato, mustard seeds, fenugreek seeds",vegetarian,10,20,spicy,main course,Tamil Nadu,South,H6cKc-zCE2Q
keerai poriyal,"amaranth leaves, split urad dal, mustard seeds, grated coconut, red chili",vegetarian,20,30,spicy,main course,Tamil Nadu,South,SVn2G73YRV8
beef fry,"beef, coconut, garam masala, curry leaves, green chilies, chili powder",non-vegetarian,10,60,spicy,main course,Kerala,South,0W6uY3_Jo3E
kootu,"chana dal, urad dal, potato, beans, peas",vegetarian,10,15,spicy,main course,Tamil Nadu,South,RTjdIjKlTEY
kos kootu,"moong dal, chana dal, cabbage, tamarind, curry leaves",vegetarian,10,20,spicy,main course,Tamil Nadu,South,02GKGlW13MY
koshambri,"moong dal, cucumber, curry leaves, green chili, lemon juice",vegetarian,10,20,spicy,main course,Karnataka,South,mDtPigErIeY
kothamali sadam,"chana dal, urad dal, gooseberry, raw rice, curry leaves",vegetarian,10,20,spicy,main course,Tamil Nadu,South,1Ty6vpiY-Gg
kuzhakkattai,"sesame oil, raw rice, jaggery, grated coconut",vegetarian,10,90,spicy,main course,Tamil Nadu,South,6S_jiMtn2YY
kuzhambu,"pearl onions, urad dal, drumsticks, tomato, curry leaves",vegetarian,5,30,spicy,main course,Tamil Nadu,South,0XEeOM8xeUk
masala dosa,"chana dal, urad dal, potatoes, idli rice, thick poha",vegetarian,360,90,spicy,snack,All State,South,CCab5oh0ZOc
pachadi,"coconut oil, cucumber, curd, curry leaves, mustard seeds",vegetarian,10,25,other,main course,All State,South,0RoT4VdWgog
paniyaram,"yogurt, ginger, curry leaves, baking soda, green chilli",vegetarian,10,20,other,main course,Tamil Nadu,South,zJ4KcIM2Ey8
papadum,"lentils, black pepper, vegetable oil",vegetarian,5,5,spicy,snack,Kerala,South,VDwaULfu-7M
paravannam,"raw rice,  jaggery, milk",vegetarian,-1,-1,spicy,main course,Kerala,South,egWFBqfaBiU
payasam,"rice, cashew nuts, milk, raisins, sugar",vegetarian,15,30,sweet,dessert,All State,South,b5oI99d90j0
paruppu sadam,"arhar dal, sambar powder, tomato, curry leaves, fennel seeds",vegetarian,10,20,other,main course,Tamil Nadu,South,kpKkDrli8i4
pesarattu,"green moong beans, rice flour",vegetarian,120,20,spicy,snack,Andhra Pradesh,South,CL2vf1h1LU4
poriyal,"chana dal, urad dal, beans, coconut, mustard",vegetarian,-1,-1,spicy,main course,Tamil Nadu,South,48QMJ1Zi2uY
puli sadam,"urad dal, lemon, tamarind, cooked rice, curry leaves",vegetarian,10,20,other,main course,Tamil Nadu,South,Zml50zZhRJY
rasam,"tomato, curry leaves, garlic, mustard seeds, hot water",vegetarian,10,35,spicy,main course,All State,South,6KH8azxY98s
puttu,"brown rice flour, sugar, grated coconut",vegetarian,495,40,other,main course,Kerala,South,Isu2GuDYw7E
sambar,"pigeon peas, eggplant, drumsticks, sambar powder, tamarind",vegetarian,20,45,spicy,main course,All State,South,_rN4Hk9DS5Q
sandige,"thin rice flakes, black sesame seeds, curry leaves",vegetarian,120,60,other,main course,Karnataka,South,GSP2TsPWr6E
sevai,"sevai, parboiled rice, steamer",vegetarian,120,30,other,main course,All State,South,3G-7eGSy-Hk
thayir sadam,"urad dal, curd, sesame oil, ginger, curry leaves, mustard seeds",vegetarian,10,20,other,main course,Tamil Nadu,South,c6S9skegZ1c
theeyal,"coconut, whole red beans, masala, sesame oil, tamarind",vegetarian,15,20,other,main course,Kerala,South,2vNm4mGH1-Q
uttapam,"chana dal, urad dal, thick poha, tomato, butter",vegetarian,10,20,spicy,snack,All State,South,TJJJyM4ssMk
vada,"urad dal, ginger, curry leaves, green chilies, black pepper",vegetarian,15,20,spicy,snack,All State,South,Zjm9fQBBHiM
chicken varuval,"meat curry powder, chicken chunks, ginger, tomato, cinnamon",non-vegetarian,10,35,spicy,main course,Tamil Nadu,South,CMDuPwMNj90
upma,"chana dal, urad dal, ginger, curry leaves, sugar",vegetarian,10,20,spicy,snack,All State,All Region,cAoYsLXUKGI
amti,"kala masala, arhar dal, curry leaves, mustard seeds, hot water",vegetarian,10,45,spicy,main course,Maharashtra,West,h2giGfSozbI
zunka,"gram flour, mustard, garlic, turmeric, red chilli",vegetarian,10,25,spicy,main course,Maharashtra,West,_UTgN_-JdVw
kolim jawla,"baingan, fish, coconut oil, fresh coconut, ginger",non-vegetarian,-1,-1,spicy,main course,Maharashtra,West,5nNJvXbjDIY
saath,"urad dal, potatoes, wheat flour, sooji",vegetarian,20,40,spicy,main course,Gujarat,West,6YRmG5YvsVc
bajri no rotlo,"wheat flour, pearl millet flour, hot water",vegetarian,10,10,spicy,main course,Gujarat,West,tXVUqtKOjL4
coconut vadi,"condensed milk, mawa, desiccated coconut, almonds, cashews",vegetarian,20,30,sweet,dessert,Maharashtra,West,ZqH0Q0HPHvo
bhakri,"jowar flour, sesame seeds",vegetarian,20,25,other,main course,Maharashtra,West,fIVRsXD_CdU
bombil fry,"bombay duck, malvani masala, rice flour, bombay rava, green chilies",non-vegetarian,-1,-1,spicy,main course,Maharashtra,West,7UHCnIYRhJc
chakali,"rice flour, sesame, plain flour, turmeric, red chilli",vegetarian,10,40,spicy,snack,Maharashtra,West,UKUtHFZDbRI
chevdo,"citric acid, fry, raisins, sugar, chana daal",vegetarian,20,30,spicy,snack,Gujarat,West,m2zRj6rg4GM
chorafali,"urad dal, bengal gram flour, dried mango, baking soda, black salt",vegetarian,5,15,spicy,snack,Gujarat,West,lBspE3IjHMY
copra paak,"condensed milk, nestle cream, coconut ice, red food coloring, desiccated coconut",vegetarian,20,30,other,main course,Gujarat,West,wHNXSzKIe2Y
daal dhokli,"whole wheat flour, dal, kokum, gur, bengal gram flour",vegetarian,20,30,spicy,main course,Gujarat,West,ro8pCoI6Xc8
kutchi dabeli,"pav, aloo, peanut, pomegranate, star anise",vegetarian,30,10,spicy,snack,Gujarat,West,zzPE-zoVzyc
dahi vada,"urad dal, bhuna chana, garam masala, dates, tamarind",vegetarian,30,30,other,snack,Maharashtra,West,Jd7VAcZHkM0
dalithoy,"arhar dal, coconut oil, curry leaves, mustard seeds, red chilli",vegetarian,5,20,other,main course,Maharashtra,West,1xRXF-4BlA0
dhokla,"rava, coconut, gram flour, mustard, sesame",vegetarian,10,20,spicy,snack,Gujarat,West,w_2eb9uaXns
dudhi halwa,"bottle gourd, green, raisins, sugar, clarified butter",vegetarian,15,30,sweet,dessert,Gujarat,West,hejJcjK__X0
gatta curry,"yogurt, besan, sauce, garam masala powder, gram flour",vegetarian,10,20,spicy,main course,Rajasthan,West,IrFee8crNc4
gud papdi,"wheat flour, jaggery, clarified butter, sliced almonds",vegetarian,10,20,sweet,dessert,Gujarat,West,tdg6ohEDe68
ghooghra,"dry fruits, semolina, all purpose flour",vegetarian,-1,-1,spicy,snack,Gujarat,West,7GZ9FCK15uY
handwo,"bottle gourd, chana dal, cabbage, urad dal, toor dal",vegetarian,20,30,spicy,snack,Gujarat,West,1zLC-7l7LJ8
halvasan,"whole wheat rava, chia seed, lemon, edible gum, litre milk",vegetarian,-1,-1,sweet,dessert,Gujarat,West,QyKYNHCfJXo
jeera aloo,"green chilies, lemon juice, chili powder, boiled potatoes",vegetarian,10,30,spicy,main course,Gujarat,West,ODfVQTy6_I0
kansar,"wheat flour, cashews, rapeseed oil",vegetarian,10,40,other,main course,Gujarat,West,CxXPO4aZ6yo
keri no ras,"mango, sugar",vegetarian,10,10,sour,main course,Gujarat,West,cEIqJGgUFXw
khakhra,"whole wheat flour, low fat, bengal gram flour",vegetarian,20,40,spicy,snack,Gujarat,West,7bdV09KKlZc
khandvi,"green chili paste, white sesame seeds, gram flour, curry leaves, green chili",vegetarian,20,45,spicy,snack,Gujarat,West,hJs8M2sUqCU
kombdi vade,"rice flour, urad dal, wheat flour, gram flour, turmeric",vegetarian,10,25,spicy,snack,Maharashtra,West,y4h1e0q5jbw
laapsi,"cinnamon, jaggery, clarified butter, dry roasted",vegetarian,10,40,spicy,main course,Madhya Pradesh,Central,Q0GjlYoSjfc
koshimbir,"cucumber, carrot, tomatoes, cilantro",vegetarian,10,10,spicy,main course,Maharashtra,West,7DC4WJsa4ZU
methi na gota,"rava, gram flour, lemon juice, turmeric, fenugreek leaves",vegetarian,15,30,bitter,main course,Gujarat,West,4nKfxkbRCOo
mohanthal,"rose water, pistachio, badam, bengal gram flour, saffron",vegetarian,5,45,sweet,dessert,Gujarat,West,X6xeCRCQPcc
muthiya,"bottle gourd, whole wheat flour, rava, sesame seeds, bengal gram flour",vegetarian,15,30,bitter,snack,Gujarat,West,Ft_2LIcvOU8
patra,"arbi ke patte, sesame seeds, gur, bengal gram flour, imli",vegetarian,10,40,spicy,snack,Gujarat,West,y6On70lP7Dg
pav bhaji,"pav bhaji masala, gobi, potatoes, green peas, dinner rolls",vegetarian,20,40,spicy,main course,Maharashtra,West,rSLiOqJ2egU
puri bhaji,"aloo, urad dal, mustard, ginger, curry leaves",vegetarian,10,30,spicy,main course,Maharashtra,West,smdOXayg33M
sabudana khichadi,"raw peanuts, sabudana, lemon, avocado oil, curry leaves, green chili",vegetarian,70,30,spicy,snack,Maharashtra,West,SE4Dc0XyhV8
sev khamani,"khaman, pomegranate, sev, powdered sugar, garlic",vegetarian,20,30,spicy,main course,Gujarat,West,rEOOEVCvQeU
sev tameta,"sev, ginger, tomato, sugar",vegetarian,20,30,spicy,main course,Gujarat,West,ek3W6U9x29M
namakpara,"wheat flour, baking soda, all purpose flour, black pepper, sunflower oil",vegetarian,10,35,spicy,snack,Gujarat,West,UFUBgOSvOx8
sukhdi,"whole wheat flour, gur, clarified butter",vegetarian,10,20,sweet,dessert,Maharashtra,West,tdg6ohEDe68
surnoli,"rice flakes, yogurt, raw rice, jaggery, grated coconut",vegetarian,60,10,spicy,snack,Maharashtra,West,xA_WerqOoAE
thalipeeth,"whole wheat flour, rice flour, pearl millet flour, sorghum flour, sesame seeds",vegetarian,25,30,spicy,main course,Maharashtra,West,GZ3qSiOBnVs
undhiyu,"sweet potato, surti papdi, baby potatoes, valor papdi, green peas",vegetarian,25,60,spicy,main course,Gujarat,West,HgH5UD53Rc8
veg kolhapuri,"gobi, potato, beans, khus khus, coconut",vegetarian,20,30,spicy,main course,Maharashtra,West,YgfBgs1M3iQ
vindaloo,"chicken, coconut oil, wine vinegar, ginger, green, cinnamon",non-vegetarian,10,40,spicy,main course,Goa,West,gJQTjIxZSms
lilva kachori,"green garlic chutney, fresh green peas, ginger, lemon juice, plain flour",vegetarian,30,6,spicy,snack,Gujarat,West,YUtcADr0yaI
mag dhokli,"moong beans, jaggery, red chillies, oil, salt",vegetarian,-1,-1,spicy,snack,Gujarat,West,HiFTTiIh8h8
khichu,"rice flour, sesame seeds, baking soda, peanut oil",vegetarian,5,10,spicy,snack,Gujarat,West,c9TjyNF09kw
thepla,"chickpea flour, methi leaves, jowar flour, wheat flour",vegetarian,15,30,spicy,snack,Gujarat,West,iPO-8KVOpvg
farsi puri,"semolina, clarified butter, oil, white flour, black pepper",vegetarian,-1,-1,other,snack,Gujarat,West,SA5EBvjI5Iw
khaman,"yogurt, fresh coconut, sesame seeds, semolina, gram flour",vegetarian,10,20,spicy,snack,Gujarat,West,w_2eb9uaXns
turiya patra vatana sabji,"ridge gourd, baking soda, sugar, grated coconut, peas",vegetarian,35,40,spicy,main course,Gujarat,West,yUi_ZcTehUI
churma ladoo,"whole wheat flour, khus khus, sesame seeds, dry coconut, gur",vegetarian,12,40,sweet,dessert,Rajasthan,West,-aWNGbAG8Hc
cheera doi,"rice, mango, curd",vegetarian,-1,-1,sweet,dessert,West Bengal,East,cQdddoWLxDE
gheela pitha,"sticky rice, rice flour, jaggery, orange rind",vegetarian,10,30,sweet,dessert,Assam,North East,Crz6GBjWjno
khar,"raw papaya, panch phoran masala, nigella seeds, mustard oil, fennel seeds",vegetarian,10,20,other,main course,Assam,North East,DDANUB8sBVA
kumol sawul,"rice, eggs, carrot, beetroot",non-vegetarian,-1,-1,spicy,main course,Assam,North East,8uELAyp7zmg
luchi,"maida, vegetable oil",vegetarian,20,30,other,main course,West Bengal,East,09JR_6g9fi0
alu pitika,"potatoes, mustard oil, fish, green chillies",non-vegetarian,5,20,spicy,main course,Assam,North East,9-lZuTAv1aI
masor tenga,"ridge gourd, fish, lemon, tomatoes, mustard oil",non-vegetarian,15,25,spicy,main course,Assam,North East,bnhYFQQJHDA
bengena pitika,"brinjal, onions, salt, sesame seeds, coriander",vegetarian,-1,-1,other,main course,Assam,North East,AlMSDz8dc-8
bilahi maas,"potatoes, garam masala, tomatoes, mustard oil, bay leaf",non-vegetarian,10,20,other,main course,Assam,North East,nk6Cdpd57gE
black rice,"forbidden black rice, chicken, olive oil, slivered almonds, garlic powder",non-vegetarian,-1,-1,other,main course,Manipur,North East,IQI6D2ENKNU
bora sawul,"biryani masala, mixed vegetables, yellow moong daal, whole red, mustard seeds",vegetarian,-1,-1,spicy,main course,Assam,North East,9P6J2Hem_n8
brown rice,"brown rice, soy sauce, olive oil",vegetarian,15,25,other,main course,All State,All Region,b5Ndc5179bE
chingri malai curry,"coconut milk, lobster, fresh green chilli, ginger, red onion",non-vegetarian,10,40,spicy,main course,West Bengal,East,lI6RUq02da4
goja,"baking soda, clarified butter, oil, all purpose flour",vegetarian,20,60,sweet,dessert,West Bengal,East,-Gopv4oxyRw
hando guri,"jaggery, raisins",vegetarian,-1,-1,sweet,dessert,Assam,North East,Crz6GBjWjno
haq maas,"lamb, garam masala powder, curd, turmeric, bay leaf",non-vegetarian,20,40,spicy,main course,Assam,North East,-hKfMm1MwWc
chingri bhape,"coconut, prawns, curd, mustard seed, green chili",non-vegetarian,15,30,other,main course,West Bengal,East,QAspLj2QWns
kabiraji,"fish fillet, besan, lemon, mint, ginger",non-vegetarian,-1,-1,spicy,main course,West Bengal,East,NzH3EzqOCVE
khorisa,"fermented bamboo shoot, potato, ginger, green, mustard oil",vegetarian,-1,-1,spicy,main course,Assam,North East,Xockops_DsM
koldil chicken,"banana flower, chicken, green chili, mustard oil, lemon juice",non-vegetarian,-1,-1,spicy,main course,Assam,North East,GulGga0B5BM
konir dom,"aloo, tomatoes, mustard oil, bay leaf, cinnamon stick",non-vegetarian,-1,-1,spicy,main course,Assam,North East,1XKMXTRypCk
koldil duck,"rice flour, mutton, banana, gram flour, olive oil, baking powder",non-vegetarian,-1,-1,spicy,main course,Assam,North East,HND_qjJZ-YI
masor koni,"fish roe, pumpkin flowers, mustard oil, turmeric, tomato",non-vegetarian,-1,-1,spicy,main course,Assam,North East,ViUztE8gYos
mishti chholar dal,"chana dal, fresh coconut, ginger, cinnamon, raisins",vegetarian,10,30,sweet,main course,West Bengal,East,_41Cjj7o3d8
pakhala,"curd, cooked rice, curry leaves, dry chilli",vegetarian,-1,-1,other,main course,Odisha,East,6l1VkhWyAkg
pani pitha,"tea leaves, white sesame seeds, dry coconut, soaked rice",vegetarian,10,20,other,main course,Assam,North East,Crz6GBjWjno
payokh,"basmati rice, rose water, sugar, clarified butter, cardamom pods",vegetarian,-1,-1,sweet,dessert,Assam,North East,6FTo1PKMKZc
prawn malai curry,"coconut milk, prawns, garlic, turmeric, sugar",non-vegetarian,15,50,spicy,main course,West Bengal,East,lI6RUq02da4
red rice,"red pepper, red onion, butter, watercress, olive oil",vegetarian,-1,-1,other,main course,All State,All Region,t35fJ36s4qk
shukto,"green beans, bitter gourd, ridge gourd, banana, brinjal",vegetarian,10,20,spicy,main course,West Bengal,East,cPpqi7obNXI
til pitha,"glutinous rice, black sesame seeds, gur",vegetarian,5,30,sweet,dessert,Assam,North East,r0KCvJfLSCw
bebinca,"coconut milk, egg yolks, clarified butter, all purpose flour",vegetarian,20,60,sweet,dessert,Goa,West,87ZtFqUWooo
shufta,"cottage cheese, dry dates, dried rose petals, pistachio, badam",vegetarian,-1,-1,sweet,dessert,Jammu & Kashmir,North,9YALxZI6uDc
mawa bati,"milk powder, dry fruits, arrowroot powder, all purpose flour",vegetarian,20,45,sweet,dessert,Madhya Pradesh,Central,Y5IhyivOdhs
pinaca,"brown rice, fennel seeds, grated coconut, black pepper, ginger powder",vegetarian,-1,-1,sweet,dessert,Goa,West,3b16y-lpK_E
